load_N,deflection_m
0.0,0.001272
2500.0,0.010162
5000.0,0.020466
7500.0,0.030117
10000.0,0.040190
12500.0,0.049867
15000.0,0.060183
17500.0,0.070909
20000.0,0.079879
22500.0,0.089781
25000.0,0.098742
27500.0,0.110142
30000.0,0.119814
32500.0,0.130627
35000.0,0.138993
37500.0,0.149879
40000.0,0.161057
42500.0,0.169810
45000.0,0.179368
47500.0,0.189195
50000.0,0.199729